CURIE,Label,Domain,Definition,subPropertyOf,Range,inverseOf
kami:P30001,ima jezik sadržaja,kami:C10003,"Povezuje izraz s izrazom, nadziranim nazivom, kôdom, identifikatorom ili drugom oznakom koja označava jezik tekstualnog sadržaja jedinice građe.",,,
kami:P30002,ima napomenu o jeziku sadržaja,kami:C10003,Povezuje izraz s kratkim nestrukturiranim tekstom u kojemu se navode pojedinosti o jeziku ili jezicima sadržaja jedinice građe.,kami:P30245,,
kami:P30003,ima jezik izvornika,kami:C10003,"Povezuje izraz s izrazom, nadziranim nazivom, kôdom, identifikatorom ili drugom oznakom za jezik kojim je izvorno zabilježen sadržaj jedinice građe.",,,
kami:P30004,ima napomenu o jeziku izvornika,kami:C10003,Povezuje izraz s kratkim nestrukturiranim tekstom u kojemu se navode objašnjenja i druge pojedinosti o jeziku ili jezicima kojima je izvorno zabilježen sadržaj jedinice građe.,kami:P30245,,
kami:P30005,ima pismo sadržaja,kami:C10003,"Povezuje izraz s izrazom, nadziranim nazivom, kôdom, identifikatorom ili drugom oznakom za sustav grafičkih znakova kojima je iskazan sadržaj jedinice građe.
",,,
kami:P30006,ima napomenu o pismu sadržaja,kami:C10003,Povezuje izraz s kratkim nestrukturiranim tekstom u kojemu se navode objašnjenja i druge pojedinosti o sustavu grafičkih znakova kojim je iskazan sadržaj jedinice građe.,kami:P30245,,
kami:P30007,ima pismo izvornika,kami:C10003,"Povezuje izraz s izrazom, nadziranim nazivom, kôdom, identifikatorom ili drugom oznakom koja označava sustav grafičkih znakova kojim je izvorno zabilježen sadržaj jedinice građe.",,,
kami:P30008,ima napomenu o pismu izvornika,kami:C10003,Povezuje izraz s kratkim nestrukturiranim tekstom u kojemu se navode objašnjenja i druge pojedinosti o jednom ili više sustava grafičkih znakova kojima je izvorno zabilježen sadržaj jedinice građe.,kami:P30245,,
kami:P30009,ima zvučni sadržaj,kami:C10003,"Povezuje izraz s izrazom, kôdom ili drugom oznakom koja označava sadrži li jedinica građe zvuk.",,,
kami:P30010,ima trajanje,kami:C10003,Povezuje izraz s izrazom koji označava vrijeme potrebno za izvedbu ili reprodukciju sadržaja jedinice građe.,,,
kami:P30011,ima napomenu o trajanju,kami:C10003,Povezuje izraz s kratkim nestrukturiranim tekstom u kojemu se navode objašnjenja i druge pojedinosti o trajanju sadržaja jedinice građe.,kami:P30245,,
kami:P30012,ima glazbeni format,kami:C10003,"Povezuje izraz s nazivom, kôdom ili drugom oznakom koja označava oblik notirane glazbe.",,,
kami:P30013,ima izvođački sastav,kami:C10003,"Povezuje izraz s izrazom ili drugom oznakom koja označava instrumentalni, vokalni ili drugi sastav koji izvodi glazbeno djelo.",,,
kami:P30014,ima mjerilo,kami:C10003,Povezuje izraz s brojčanim podatkom ili izrazom koji označava odnos dimenzija jedinice građe ili udaljenosti prikazanih na jedinici građe i stvarnih dimenzija ili udaljenosti.,,,
kami:P30015,ima napomenu o mjerilu,kami:C10003,Povezuje izraz s kratkim nestrukturiranim tekstom u kojemu se navode objašnjenja i druge pojedinosti o mjerilu jedinice građe.,kami:P30245,,
kami:P30016,ima kartografsku projekciju,kami:C10003,"Povezuje izraz s izrazom ili drugom oznakom koja označava matematički sustav pomoću kojega je na karti prikazana Zemlja ili neko drugo nebesko tijelo, dio Zemlje ili nekog drugog nebeskog tijela ili položaj nebeskih tijela.",,,
kami:P30017,ima ciljanu publiku izraza,kami:C10003,"Povezuje izraz s riječi ili nizom riječi, nadziranim nazivom, identifikatorom ili drugom oznakom za društvenu skupinu kojoj je određeni izraz jedinice građe primarno namijenjen ili za koju se smatra prikladnim s obzirom na posebne senzorne i druge potrebe.",,,
kami:P30018,ima napomenu o ciljanoj publici,kami:C10003,"Povezuje izraz s kratkim nestrukturiranim tekstom u kojemu se navode objašnjenja, tumačenja i druge pojedinosti o društvenoj skupini kojoj je određeni izraz jedinice građe primarno namijenjen ili za koju se smatra prikladnim s obzirom na posebne senzorne i druge potrebe.",kami:P30245,,
kami:P30019,"ima uvjete objavljivanja, umnožavanja ili prikazivanja",kami:C10003,"Povezuje izraz s izrazom ili tekstom koji označava pravna i druga ograničenja vezana uz objavljivanje, umnožavanje i/ili javno prikazivanje sadržaja jedinice građe.",,,
kami:P30020,je izraz povezan s jedinica opisa,kami:C10003,Povezuje izraz s jedinicom opisa.,kamjo:P10003,kamjo:C10001,kamjo:P10005
kami:P30021,je izraz povezan s djelom,kami:C10003,Povezuje izraz s djelom.,kami:P30020,kamd:C10002,kamd:P20033
kami:P30022,je realizacija djela,kami:C10003,Povezuje izraz s djelom kroz kojega realizira.,kami:P30021,kamd:C10002,kamd:P20034
kami:P30023,je izraz povezan s izrazom,kami:C10003,Povezuje izraz s izrazom.,kami:P30020,kami:C10003,kami:P30023
kami:P30024,je agregirao izraz,kami:C10003,Povezuje izraz s izrazom s kojim je objavljen kao dio izraza zbirnog djela.,kami:P30023,kami:C10003,kami:P30025
kami:P30025,je agregiran u izrazu,kami:C10003,Povezuje izraz s izrazom koji je objavljen u izrazu zbirnog djela.,kami:P30023,kami:C10003,kami:P30024
kami:P30026,ima dio izraz,kami:C10003,Povezuje izraz s izrazom koji izvorno obuhvaća.,kami:P30023,kami:C10003,kami:P30027
kami:P30027,je dio izraza,kami:C10003,Povezuje izraz s izrazom koji ga izvorno obuhvaća.,kami:P30023,kami:C10003,kami:P30026
kami:P30028,je izveden iz izraza,kami:C10003,Povezuje izraz djela s izrazom istog djela na temelju kojeg je nastao.,kami:P30023,kami:C10003,kami:P30029
kami:P30029,ima izvedenicu izraz,kami:C10003,Povezuje izraz djela s izrazom istog djela koji je na njegovu temelju nastao.,kami:P30023,kami:C10003,kami:P30028
kami:P30030,je izraz povezan s pojavnim oblikom,kami:C10003,Povezuje izraz s pojavnim oblikom.,kami:P30020,kampo:C10004,kampo:P40083
kami:P30031,je izraz postvaren u pojavnom obliku,kami:C10003,Povezuje izraz s pojavnim oblikom u kojem je postvaren.,kami:P30030,kampo:C10004,kampo:P40084
kami:P30032,je izraz povezan s agentom,kami:C10003,Povezuje izraz s agentom.,kami:P30020,kama:C10006,kama:P60004
kami:P30033,je izraz povezan s osobom,kami:C10003,Povezuje izraz s osobom.,kami:P30032,kamo:C10007,kamo:P70020
kami:P30034,je izraz povezan s kolektivnim agentom,kami:C10003,Povezuje izraz s kolektivnim agentom.,kami:P30032,kamka:C10008,kamka:P80004
kami:P30035,je izraz povezan s korporativnim tijelom,kami:C10003,Povezuje izraz s korporativnim tijelom.,kami:P30034,kamkt:C10009,kamkt:P90011
kami:P30036,je izraz povezan s obitelji,kami:C10003,Povezuje izraz s obitelji.,kami:P30034,kamob:C10010,kamob:P10011
kami:P30037,ima agenta cenzora,kami:C10003,"Povezuje izraz s agentom koji je izmijenio izvorni sadržaj jedinice građe (tekst, kompoziciju, slijed sekvenci itd.) kako bi bio u skladu s određenim političkim ili religijskim svjetonazorom.",kami:P30032,kama:C10006,kama:P60074
kami:P30038,ima osobu cenzora,kami:C10003,"Povezuje izraz s osobom koja je izmijenila izvorni sadržaj jedinice građe (tekst, kompoziciju, slijed sekvenci itd.) kako bi bio u skladu s određenim političkim ili religijskim svjetonazorom.",kami:P30037,kamo:C10007,kamo:P70082
kami:P30039,ima kolektivnog agenta cenzora,kami:C10003,"Povezuje izraz s kolektivnim agentom koji je izmijenio izvorni sadržaj jedinice građe (tekst, kompoziciju, slijed sekvenci itd.) kako bi bio u skladu s određenim političkim ili religijskim svjetonazorom.",kami:P30037,kamka:C10008,kamka:P80076
kami:P30040,ima korporativno tijelo cenzora,kami:C10003,"Povezuje izraz s korporativnim tijelom koji je izmijenio izvorni sadržaj jedinice građe (tekst, kompoziciju, slijed sekvenci itd.) kako bi bio u skladu s određenim političkim ili religijskim svjetonazorom.",kami:P30039,kamkt:C10009,kamkt:P90075
kami:P30041,ima obitelj cenzora,kami:C10003,"Povezuje izraz s obitelji koja je izmijenila izvorni sadržaj jedinice građe (tekst, kompoziciju, slijed sekvenci itd.) kako bi bio u skladu s određenim političkim ili religijskim svjetonazorom.",kami:P30039,kamob:C10010,kamob:P10074
kami:P30042,ima agenta citiranog autora,kami:C10003,Povezuje izraz s agentom čije se djelo navodi ili citira u sadržaju jedinice građe.,kami:P30032,kama:C10006,kama:P60075
kami:P30043,ima osobu citiranog autora,kami:C10003,Povezuje izraz s osobom čije se djelo navodi ili citira u sadržaju jedinice građe.,kami:P30042,kamo:C10007,kamo:P70083
kami:P30044,ima kolektivnog agenta citiranog autora,kami:C10003,Povezuje izraz s kolektivnim agentom čije se djelo navodi ili citira u sadržaju jedinice građe.,kami:P30042,kamka:C10008,kamka:P80077
kami:P30045,ima korporativno tijelo citiranog autora,kami:C10003,Povezuje izraz s korporativnim tijelom čije se djelo navodi ili citira u sadržaju jedinice građe.,kami:P30044,kamkt:C10009,kamkt:P90076
kami:P30046,ima obitelj citiranog autora,kami:C10003,Povezuje izraz s obitelji čije se djelo navodi ili citira u sadržaju jedinice građe.,kami:P30044,kamob:C10010,kamob:P10075
kami:P30047,ima agenta glazbenog aranžera,kami:C10003,Povezuje izraz s agentom koji je na temelju osnovne zamisli skladatelja razradio instrumentalne i/ili vokalne dionice glazbenog djela za određeni izvođački sastav ili preradio glazbeno djelo drugog skladatelja za drugi izvođački sastav ili tonalitet.,kami:P30032,kama:C10006,kama:P60076
kami:P30048,ima osobu glazbenog aranžera,kami:C10003,Povezuje izraz s osobom koja je na temelju osnovne zamisli skladatelja razradila instrumentalne i/ili vokalne dionice glazbenog djela za određeni izvođački sastav ili preradila glazbeno djelo drugog skladatelja za drugi izvođački sastav ili tonalitet.,kami:P30047,kamo:C10007,kamo:P70084
kami:P30049,ima kolektivnog agenta glazbenog aranžera,kami:C10003,Povezuje izraz s kolektivnim agentom koji je na temelju osnovne zamisli skladatelja razradio instrumentalne i/ili vokalne dionice glazbenog djela za određeni izvođački sastav ili preradio glazbeno djelo drugog skladatelja za drugi izvođački sastav ili tonalitet.,kami:P30047,kamka:C10008,kamka:P80078
kami:P30050,ima korporativno tijelo glazbenog aranžera,kami:C10003,Povezuje izraz s korporativnim tijelom koje je na temelju osnovne zamisli skladatelja razradilo instrumentalne i/ili vokalne dionice glazbenog djela za određeni izvođački sastav ili preradilo glazbeno djelo drugog skladatelja za drugi izvođački sastav ili tonalitet.,kami:P30049,kamkt:C10009,kamkt:P90077
kami:P30051,ima osobu glazbenog aranžera,kami:C10003,Povezuje izraz s obitelji koja je na temelju osnovne zamisli skladatelja razradila instrumentalne i/ili vokalne dionice glazbenog djela za određeni izvođački sastav ili preradila glazbeno djelo drugog skladatelja za drugi izvođački sastav ili tonalitet.,kami:P30049,kamob:C10010,kamob:P10076
kami:P30052,ima agenta izvođača,kami:C10003,Povezuje izraz s agentom koji nastupa u izvedbi djela. ,kami:P30032,kama:C10006,kama:P60077
kami:P30053,ima osobu izvođača,kami:C10003,Povezuje izraz s osobom koja nastupa u izvedbi djela.,kami:P30052,kamo:C10007,kamo:P70085
kami:P30054,ima kolektivnog agenta izvođača,kami:C10003,Povezuje izraz s kolektivnim agentom koji nastupa u izvedbi djela.,kami:P30052,kamka:C10008,kamka:P80079
kami:P30055,ima korporativno tijelo izvođača,kami:C10003,Povezuje izraz s korporativnim tijelom koji nastupa u izvedbi djela.,kami:P30054,kamkt:C10009,kamkt:P90078
kami:P30056,ima obitelj izvođača,kami:C10003,Povezuje izraz s obitelji koja nastupa u izvedbi djela.,kami:P30054,kamob:C10010,kamob:P10077
kami:P30057,ima agenta glazbenika,kami:C10003,"Povezuje izraz s agentom koji izvodi instrumentalno, vokalno ili vokalno-instrumentalno glazbeno djelo.",kami:P30052,kama:C10006,kama:P60078
kami:P30058,ima osobu glazbenika,kami:C10003,"Povezuje izraz s osobom koja izvodi instrumentalno, vokalno ili vokalno-instrumentalno glazbeno djelo.",kami:P30057,kamo:C10007,kamo:P70086
kami:P30059,ima kolektivnog agenta glazbenika,kami:C10003,"Povezuje izraz s kolektivnim agentom koji izvodi instrumentalno, vokalno ili vokalno-instrumentalno glazbeno djelo.",kami:P30057,kamka:C10008,kamka:P80080
kami:P30060,ima korporativno tijelo glazbenika,kami:C10003,"Povezuje izraz s korporativnim tijelom koji izvodi instrumentalno, vokalno ili vokalno-instrumentalno glazbeno djelo.",kami:P30059,kamkt:C10009,kamkt:P90079
kami:P30061,ima obitelj glazbenika,kami:C10003,"Povezuje izraz s obitelji koja izvodi instrumentalno, vokalno ili vokalno-instrumentalno glazbeno djelo.",kami:P30059,kamob:C10010,kamob:P10078
kami:P30062,ima agenta dirigenta,kami:C10003,Povezuje izraz s agentom koji ravna instrumentalnim ili mješovitim sastavom koji izvodi glazbeno ili glazbeno-scensko djelo.,kami:P30052,kama:C10006,kama:P60079
kami:P30063,ima osobu dirigenta,kami:C10003,Povezuje izraz s osobom koja ravna instrumentalnim ili mješovitim sastavom koji izvodi glazbeno ili glazbeno-scensko djelo.,kami:P30062,kamo:C10007,kamo:P70087
kami:P30064,ima agenta DJ-a,kami:C10003,Povezuje izraz s agentom koji reproducira i miješa izraze postojećih glazbenih djela u novu cjelinu.,kami:P30052,kama:C10006,kama:P60080
kami:P30065,ima osobu DJ-a,kami:C10003,Povezuje izraz s osobom koja reproducira i miješa izraze postojećih glazbenih djela u novu cjelinu.,kami:P30064,kamo:C10007,kamo:P70088
kami:P30066,ima agenta instrumentalista,kami:C10003,Povezuje izraz s agentom koji svira glazbeni instrument u izvedbi glazbenog djela.,kami:P30052,kama:C10006,kama:P60081
kami:P30067,ima osobu instrumentalisa,kami:C10003,Povezuje izraz s osobom koja svira glazbeni instrument u izvedbi glazbenog djela.,kami:P30066,kamo:C10007,kamo:P70089
kami:P30068,ima kolektivnog agenta instrumentalista,kami:C10003,Povezuje izraz s kolektivnim agentom koji svira glazbeni instrument u izvedbi glazbenog djela.,kami:P30066,kamka:C10008,kamka:P80083
kami:P30069,ima korporativno tijelo instrumentalista,kami:C10003,Povezuje izraz s korporativnim tijelom koje svira glazbeni instrument u izvedbi glazbenog djela.,kami:P30068,kamkt:C10009,kamkt:P90082
kami:P30070,ima obitelj instrumentalista,kami:C10003,Povezuje izraz s obitelji koja svira glazbeni instrument u izvedbi glazbenog djela.,kami:P30068,kamob:C10010,kamob:P10081
kami:P30071,ima agenta pjevača,kami:C10003,Povezuje izraz s agentom koji izvodi vokalno glazbeno djelo ili vokalnu dionicu glazbenog djela.,kami:P30052,kama:C10006,kama:P60082
kami:P30072,ima osobu pjevača,kami:C10003,Povezuje izraz s osobom koja izvodi vokalno glazbeno djelo ili vokalnu dionicu glazbenog djela.,kami:P30071,kamo:C10007,kamo:P70090
kami:P30073,ima kolektivnog agenta pjevača,kami:C10003,Povezuje izraz s kolektivnim agentom koji izvodi vokalno glazbeno djelo ili vokalnu dionicu glazbenog djela.,kami:P30071,kamka:C10008,kamka:P80084
kami:P30074,ima korporativno tijelo pjevača,kami:C10003,Povezuje izraz s korporativnim tijelom koje izvodi vokalno glazbeno djelo ili vokalnu dionicu glazbenog djela.,kami:P30073,kamkt:C10009,kamkt:P90083
kami:P30075,ima obitelj pjevača,kami:C10003,Povezuje izraz s obitelji koja izvodi vokalno glazbeno djelo ili vokalnu dionicu glazbenog djela.,kami:P30073,kamob:C10010,kamob:P10082
kami:P30076,ima agenta voditelja zbora,kami:C10003,Povezuje izraz s agentom koji ravna zborom koji izvodi vokalno ili vokalno-instrumentalno glazbeno djelo.,kami:P30052,kama:C10006,kama:P60083
kami:P30077,ima osobu voditelja zbora,kami:C10003,Povezuje izraz s osobom koja ravna zborom koji izvodi vokalno ili vokalno-instrumentalno glazbeno djelo.,kami:P30076,kamo:C10007,kamo:P70091
kami:P30078,ima agenta glumca,kami:C10003,"Povezuje izraz s agentom koji tumači ulogu u dramskoj ili glazbeno-scenskoj predstavi, filmu ili drugom obliku izvedbene umjetnosti.",kami:P30052,kama:C10006,kama:P60084
kami:P30079,ima osobu glumca,kami:C10003,"Povezuje izraz s osobom koja tumači ulogu u dramskoj ili glazbeno-scenskoj predstavi, filmu ili drugom obliku izvedbene umjetnosti.",kami:P30078,kamo:C10007,kamo:P70092
kami:P30080,ima kolektivnog agenta glumca,kami:C10003,"Povezuje izraz s kolektivnim agentom koji tumači ulogu u dramskoj ili glazbeno-scenskoj predstavi, filmu ili drugom obliku izvedbene umjetnosti.",kami:P30078,kamka:C10008,kamka:P80086
kami:P30081,ima korporativno tijelo glumca,kami:C10003,"Povezuje izraz s korporativnim tijelom koje tumači ulogu u dramskoj ili glazbeno-scenskoj predstavi, filmu ili drugom obliku izvedbene umjetnosti.",kami:P30080,kamkt:C10009,kamkt:P90085
kami:P30082,ima obitelj glumca,kami:C10003,"Povezuje izraz s obitelji koja tumači ulogu u dramskoj ili glazbeno-scenskoj predstavi, filmu ili drugom obliku izvedbene umjetnosti.",kami:P30080,kamob:C10010,kamob:P10084
kami:P30083,ima agenta glasovnog glumca,kami:C10003,"Povezuje izraz s agentom koji posuđuje glas liku u filmu, računalnoj igri, radijskoj drami ili drugom djelu zvučnog ili zvučno-slikovnog sadržaja.",kami:P30052,kama:C10006,kama:P60085
kami:P30084,ima osobu glasovnog glumca,kami:C10003,"Povezuje izraz s osobom koja posuđuje glas liku u filmu, računalnoj igri, radijskoj drami ili drugom djelu zvučnog ili zvučno-slikovnog sadržaja.",kami:P30083,kamo:C10007,kamo:P70093
kami:P30085,ima agenta kazivača,kami:C10003,"Povezuje izraz s agentom koji govori ili pripovijeda  narodne pjesme, priče i sl. onome tko zapisuje ili snima.",kami:P30052,kama:C10006,kama:P60086
kami:P30086,ima osobu kazivača,kami:C10003,"Povezuje izraz s osobom koja govori ili pripovijeda narodne pjesme, priče i sl. onome tko zapisuje ili snima.",kami:P30085,kamo:C10007,kamo:P70094
kami:P30087,ima agenta komentatora,kami:C10003,"Povezuje izraz s agentom koji interpretira, analizira ili raspravlja na neku temu u televizijskoj ili radijskoj emisiji ili drugom djelu zvučnog ili zvučno-slikovnog sadržaja. ",kami:P30052,kama:C10006,kama:P60087
kami:P30088,ima osobu komentatora,kami:C10003,"Povezuje izraz s osobom koja interpretira, analizira ili raspravlja na neku temu u televizijskoj ili radijskoj emisiji ili drugom djelu zvučnog ili zvučno-slikovnog sadržaja.",kami:P30087,kamo:C10007,kamo:P70095
kami:P30089,ima agenta lutkara,kami:C10003,"Povezuje izraz s agentom koji upravlja lutkama u dramskoj ili glazbeno-scenskoj predstavi, filmu ili drugom obliku izvedbene umjetnosti.",kami:P30052,kama:C10006,kama:P60088
kami:P30090,ima osobu lutkara,kami:C10003,"Povezuje izraz s osobom koja upravlja lutkama u dramskoj ili glazbeno-scenskoj predstavi, filmu ili drugom obliku izvedbene umjetnosti.",kami:P30089,kamo:C10007,kamo:P70096
kami:P30091,ima agenta moderatora,kami:C10003,Povezuje izraz s agentom koji vodi raspravu na određenu temu uživo ili putem medija masovnog priopćavanja.,kami:P30052,kama:C10006,kama:P60089
kami:P30092,ima osobu moderatora,kami:C10003,Povezuje izraz s osobom koja vodi raspravu na određenu temu uživo ili putem medija masovnog priopćavanja.,kami:P30091,kamo:C10007,kamo:P70097
kami:P30093,ima agenta panelista,kami:C10003,Povezuje izraz s agentom koji sudjeluje u raspravi na određenu temu uživo ili putem medija masovnog priopćavanja.,kami:P30052,kama:C10006,kama:P60090
kami:P30094,ima osobu panelista,kami:C10003,Povezuje izraz s osobom koja sudjeluje u raspravi na određenu temu uživo ili putem medija masovnog priopćavanja.,kami:P30093,kamo:C10007,kamo:P70098
kami:P30095,ima agenta pantomimičara,kami:C10003,"Povezuje izraz s agentom koji osjećaje, misli i stavove izražava tehnikom i pravilima pantomime.",kami:P30052,kama:C10006,kama:P60091
kami:P30096,ima osobu pantomimičara,kami:C10003,"Povezuje izraz s osobom koja osjećaje, misli i stavove izražava tehnikom i pravilima pantomime.",kami:P30095,kamo:C10007,kamo:P70099
kami:P30097,ima agenta plesača,kami:C10003,Povezuje izraz s agentom koji pleše u glazbeno-scenskoj predstavi ili drugom obliku izvedbene umjetnosti.,kami:P30052,kama:C10006,kama:P60092
kami:P30098,ima osobu plesača,kami:C10003,Povezuje izraz s osobom koja pleše u glazbeno-scenskoj predstavi ili drugom obliku izvedbene umjetnosti.,kami:P30097,kamo:C10007,kamo:P70100
kami:P30099,ima kolektivnog agenta plesača,kami:C10003,Povezuje izraz s kolektivnim agentom koji pleše u glazbeno-scenskoj predstavi ili drugom obliku izvedbene umjetnosti.,kami:P30097,kamka:C10008,kamka:P80094
kami:P30100,ima korporativno tijelo plesača,kami:C10003,Povezuje izraz s korporativnim tijelom koje pleše u glazbeno-scenskoj predstavi ili drugom obliku izvedbene umjetnosti.,kami:P30099,kamkt:C10009,kamkt:P90093
kami:P30101,ima obitelj plesača,kami:C10003,Povezuje izraz s obitelji koja pleše u glazbeno-scenskoj predstavi ili drugom obliku izvedbene umjetnosti.,kami:P30099,kamob:C10010,kamob:P10092
kami:P30102,ima agenta pripovjedača,kami:C10003,"Povezuje izraz s agentom koji pripovijeda priču drugog agenta; posebice onaj koji pripovijeda radnju u filmu, zvučnoj knjizi, računalnoj igri ili drugom obliku fikcije iskazane snimljenim govorom.",kami:P30052,kama:C10006,kama:P60093
kami:P30103,ima osobu pripovjedača,kami:C10003,"Povezuje izraz s osobom koja pripovijeda priču drugog agenta; posebice onom koja pripovijeda radnju u filmu, zvučnoj knjizi, računalnoj igri ili drugom obliku fikcije iskazane snimljenim govorom.",kami:P30102,kamo:C10007,kamo:P70101
kami:P30104,ima agenta spikera,kami:C10003,"Povezuje izraz s agentom koji na radiju ili televiziji najavljuje program ili čita informativne tekstove, uključujući vijesti, dokumentarne emisije itd.  ",kami:P30052,kama:C10006,kama:P60094
kami:P30105,ima osobu spikera,kami:C10003,"Povezuje izraz s osobom koja na radiju ili televiziji najavljuje program ili čita informativne tekstove, uključujući vijesti, dokumentarne emisije itd.  ",kami:P30104,kamo:C10007,kamo:P70102
kami:P30106,ima agenta voditelja,kami:C10003,"Povezuje izraz s agentom koji uživo ili putem masovnih medija (radija, televizije itd.) vodi program koji uključuje i druge izvođače.",kami:P30052,kama:C10006,kama:P60095
kami:P30107,ima osobu voditelja,kami:C10003,"Povezuje izraz s osobom koja uživo ili putem masovnih medija (radija, televizije itd.) vodi program koji uključuje i druge izvođače.",kami:P30106,kamo:C10007,kamo:P70103
kami:P30108,ima agenta lektora,kami:C10003,Povezuje izraz s agentom koji jezično i stilski ispravlja i dotjeruje tekst u pripremi za objavljivanje.,kami:P30032,kama:C10006,kama:P60096
kami:P30109,ima osobu lektora,kami:C10003,Povezuje izraz s osobom koja jezično i stilski ispravlja i dotjeruje tekst u pripremi za objavljivanje.,kami:P30108,kamo:C10007,kamo:P70104
kami:P30110,ima agenta prevoditelja,kami:C10003,"Povezuje izraz s agentom koji, slijedeći izvornik, prenosi tekst s jednog jezika u drugi ili iz starijeg oblika jezika u noviji oblik.",kami:P30032,kama:C10006,kama:P60097
kami:P30111,ima osobu prevoditelja,kami:C10003,"Povezuje izraz s osobom koja, slijedeći izvornik, prenosi tekst s jednog jezika u drugi ili iz starijeg oblika jezika u noviji oblik.",kami:P30110,kamo:C10007,kamo:P70105
kami:P30112,ima agenta sažimatelja,kami:C10003,"Povezuje izraz s agentom koji je sažeo izvorni izraz djela bez značajnijih promjena u sadržaju, značenju itd.",kami:P30032,kama:C10006,kama:P60098
kami:P30113,ima osobu sažimatelja,kami:C10003,"Povezuje izraz s osobom koja je sažela izvorni izraz djela bez značajnijih promjena u sadržaju, značenju itd.",kami:P30112,kamo:C10007,kamo:P70106
kami:P30114,ima agenta suradnika u realizaciji,kami:C10003,Povezuje izraz s agentom koji surađuje u realizaciji izraza.,kami:P30032,kama:C10006,kama:P60099
kami:P30115,ima osobu suradnika u realizaciji,kami:C10003,Povezuje izraz s osobom koja sudjeluje u realizaciji izraza.,kami:P30114,kamo:C10007,kamo:P70107
kami:P30116,ima kolektivnog agenta suradnika u realizaciji,kami:C10003,Povezuje izraz s kolektivnim agentom koji surađuje u realizaciji izraza.,kami:P30114,kamka:C10008,kamka:P80101
kami:P30117,ima korporativno tijelo suradnika u realizaciji,kami:C10003,Povezuje izraz s korporativnim tijelom koje surađuje u realizaciji izraza.,kami:P30116,kamkt:C10009,kamkt:P90100
kami:P30118,ima obitelj suradnika u realizaciji,kami:C10003,Povezuje izraz s obitelji koja surađuje u realizaciji izraza.,kami:P30116,kamob:C10010,kamob:P10099
kami:P30119,ima agenta animatora,kami:C10003,"Povezuje izraz s agentom odgovornim za stvaranje privida kretanja niza statičnih slika ili predmeta u filmu, videu, računalnoj igri ili sl.",kami:P30114,kama:C10006,kama:P60100
kami:P30120,ima osobu animatora,kami:C10003,"Povezuje izraz s osobom odgovornom za stvaranje privida kretanja niza statičnih slika ili predmeta u filmu, videu, računalnoj igri ili sl.",kami:P30119,kamo:C10007,kamo:P70108
kami:P30121,ima kolektivnog agenta animatora,kami:C10003,"Povezuje izraz s kolektivnim agentom odgovornim za stvaranje privida kretanja niza statičnih slika ili predmeta u filmu, videu, računalnoj igri ili sl.",kami:P30119,kamka:C10008,kamka:P80102
kami:P30122,ima korporativno tijelo animatora,kami:C10003,"Povezuje izraz s korporativnim tijelom odgovornim za stvaranje privida kretanja niza statičnih slika ili predmeta u filmu, videu, računalnoj igri ili sl.",kami:P30121,kamkt:C10009,kamkt:P90101
kami:P30123,ima obitelj animatora,kami:C10003,"Povezuje izraz s obitelji odgovornom za stvaranje privida kretanja niza statičnih slika ili predmeta u filmu, videu, računalnoj igri ili sl.",kami:P30121,kamob:C10010,kamob:P10100
kami:P30124,ima agenta autora računalnih vizualizacija,kami:C10003,"Povezuje izraz s agentom odgovornim za stvaranje računalnih vizualizacija koje  prikazuju građevinu, tehničku tvorevinu ili drugi objekt u stanju dovršenosti.",kami:P30114,kama:C10006,kama:P60101
kami:P30125,ima osobu autora računalnih vizualizacija,kami:C10003,"Povezuje izraz s osobom odgovornom za stvaranje računalnih vizualizacija koje prikazuju građevinu, tehničku tvorevinu ili drugi objekt u stanju dovršenosti.",kami:P30124,kamo:C10007,kamo:P70110
kami:P30126,ima kolektivnog agenta autora računalnih vizualizacija,kami:C10003,"Povezuje izraz s kolektivnim agentom odgovornim za stvaranje računalnih vizualizacija koje prikazuju građevinu, tehničku tvorevinu ili drugi objekt u stanju dovršenosti.",kami:P30124,kamka:C10008,kamka:P80103
kami:P30127,ima korporativno tijelo autora računalnih vizualizacija,kami:C10003,"Povezuje izraz s korporativnim tijelom odgovornim za stvaranje računalnih vizualizacija koje prikazuju građevinu, tehničku tvorevinu ili drugi objekt u stanju dovršenosti.",kami:P30126,kamkt:C10009,kamkt:P90102
kami:P30128,ima obitelj autora računalnih vizualizacija,kami:C10003,"Povezuje izraz s obitelji odgovornom za stvaranje računalnih vizualizacija koje prikazuju građevinu, tehničku tvorevinu ili drugi objekt u stanju dovršenosti.",kami:P30126,kamob:C10010,kamob:P10101
kami:P30129,ima agenta direktora fotografije,kami:C10003,"Povezuje izraz s agentom koji koordinira i nadzire snimanje scena u filmu, videu, televizijskom programu ili drugom obliku pokretnih slika.",kami:P30114,kama:C10006,kama:P60102
kami:P30130,ima osobu direktora fotografije,kami:C10003,"Povezuje izraz s osobom koja koordinira i nadzire snimanje scena u filmu, videu, televizijskom programu ili drugom obliku pokretnih slika.",kami:P30129,kamo:C10007,kamo:P70111
kami:P30131,ima kolektivnog agenta direktora fotografije,kami:C10003,"Povezuje izraz s kolektivnim agentom koji koordinira i nadzire snimanje scena u filmu, videu, televizijskom programu ili drugom obliku pokretnih slika.",kami:P30129,kamka:C10008,kamka:P80104
kami:P30132,ima korporativno tijelo direktora fotografije,kami:C10003,"Povezuje izraz s korporativnim tijelom koje koordinira i nadzire snimanje scena u filmu, videu, televizijskom programu ili drugom obliku pokretnih slika.",kami:P30131,kamkt:C10009,kamkt:P90103
kami:P30133,ima obitelj direktora fotografije,kami:C10003,"Povezuje izraz s obitelji koja koordinira i nadzire snimanje scena u filmu, videu, televizijskom programu ili drugom obliku pokretnih slika.",kami:P30131,kamob:C10010,kamob:P10102
kami:P30134,ima agenta dizajnera interiera,kami:C10003,"Povezuje izraz s agentom odgovornim za odabir, dizajn i raspored elemenata interijera građevine.",kami:P30114,kama:C10006,kama:P60103
kami:P30135,ima osobu dizajnera interiera,kami:C10003,"Povezuje izraz s osobom odgovornom za odabir, dizajn i raspored elemenata interijera građevine.",kami:P30134,kamo:C10007,kamo:P70112
kami:P30136,ima kolektivnog agenta dizajnera interiera,kami:C10003,"Povezuje izraz s kolektivnim agentom odgovornim za odabir, dizajn i raspored elemenata interijera građevine.",kami:P30134,kamka:C10008,kamka:P80105
kami:P30137,ima korporativno tijelo dizajnera interiera,kami:C10003,"Povezuje izraz s korporativnim tijelom odgovornim za odabir, dizajn i raspored elemenata interijera građevine.",kami:P30136,kamkt:C10009,kamkt:P90104
kami:P30138,ima obitelj dizajnera interiera,kami:C10003,"Povezuje izraz s obitelji odgovornom za odabir, dizajn i raspored elemenata interijera građevine.",kami:P30136,kamob:C10010,kamob:P10103
kami:P30139,ima agenta inženjera zvuka,kami:C10003,"Povezuje izraz s agentom odgovornim za tehničke aspekte proizvodnje zvuka tijekom snimanja, miksanja i izvedbe glazbenih i zvučnih sadržaja.",kami:P30114,kama:C10006,kama:P60104
kami:P30140,ima osobu inženjera zvuka,kami:C10003,"Povezuje izraz s osobom odgovornom za tehničke aspekte proizvodnje zvuka tijekom snimanja, miksanja i izvedbe glazbenih i zvučnih sadržaja.",kami:P30139,kamo:C10007,kamo:P70113
kami:P30141,ima kolektivnog agenta inženjera zvuka,kami:C10003,"Povezuje izraz s kolektivnim agentom odgovornim za tehničke aspekte proizvodnje zvuka tijekom snimanja, miksanja i izvedbe glazbenih i zvučnih sadržaja.",kami:P30139,kamka:C10008,kamka:P80106
kami:P30142,ima korporativno tijelo inženjera zvuka,kami:C10003,"Povezuje izraz s korporativnim tijelom odgovornim za tehničke aspekte proizvodnje zvuka tijekom snimanja, miksanja i izvedbe glazbenih i zvučnih sadržaja.",kami:P30141,kamkt:C10009,kamkt:P90105
kami:P30143,ima obitelj inženjera zvuka,kami:C10003,"Povezuje izraz s obitelji odgovornom za tehničke aspekte proizvodnje zvuka tijekom snimanja, miksanja i izvedbe glazbenih i zvučnih sadržaja.",kami:P30141,kamob:C10010,kamob:P10104
kami:P30144,ima agenta kolorista,kami:C10003,"Povezuje izraz s agentom koji kolorira crteže, grafike, fotografije i druge izraze likovnih djela drugih umjetnika.",kami:P30114,kama:C10006,kama:P60105
kami:P30145,ima osobu kolorista,kami:C10003,"Povezuje izraz s osobom koja kolorira crteže, grafike, fotografije i druge izraze likovnih djela drugih umjetnika.",kami:P30144,kamo:C10007,kamo:P70114
kami:P30146,ima kolektivnog agenta kolorista,kami:C10003,"Povezuje izraz s kolektivnim agentom koji kolorira crteže, grafike, fotografije i druge izraze likovnih djela drugih umjetnika.",kami:P30144,kamka:C10008,kamka:P80107
kami:P30147,ima korporativno tijelo kolorista,kami:C10003,"Povezuje izraz s korporativnim tijelom koje kolorira crteže, grafike, fotografije i druge izraze likovnih djela drugih umjetnika.",kami:P30146,kamkt:C10009,kamkt:P90106
kami:P30148,ima obitelj kolorista,kami:C10003,"Povezuje izraz s obitelji koja kolorira crteže, grafike, fotografije i druge izraze likovnih djela drugih umjetnika.",kami:P30146,kamob:C10010,kamob:P10105
kami:P30149,ima agenta kostimografa,kami:C10003,"Povezuje izraz s agentom odgovornim za dizajn i izradu kostima za film, televizijski program, kazališnu predstavu ili drugi oblik izvedbene umjetnosti.",kami:P30114,kama:C10006,kama:P60106
kami:P30150,ima osobu kostimografa,kami:C10003,"Povezuje izraz s osobom odgovornom za dizajn i izradu kostima za film, televizijski program, kazališnu predstavu ili drugi oblik izvedbene umjetnosti.",kami:P30149,kamo:C10007,kamo:P70115
kami:P30151,ima kolektivnog agenta kostimografa,kami:C10003,"Povezuje izraz s kolektivnim agentom odgovornim za dizajn i izradu kostima za film, televizijski program, kazališnu predstavu ili drugi oblik izvedbene umjetnosti.",kami:P30149,kamka:C10008,kamka:P80108
kami:P30152,ima korporativno tijelo kostimografa,kami:C10003,"Povezuje izraz s korporativnim tijelom odgovornim za dizajn i izradu kostima za film, televizijski program, kazališnu predstavu ili drugi oblik izvedbene umjetnosti.",kami:P30151,kamkt:C10009,kamkt:P90107
kami:P30153,ima obitelj kostimografa,kami:C10003,"Povezuje izraz s obitelji odgovornom za dizajn i izradu kostima za film, televizijski program, kazališnu predstavu ili drugi oblik izvedbene umjetnosti.",kami:P30151,kamob:C10010,kamob:P10106
kami:P30154,ima agenta majstora rasvjete,kami:C10003,"Povezuje izraz s agentom koji oblikuje elemente rasvjete za potrebe snimanja filma ili televizijskog programa, dramske ili glazbeno-scenske izvedbe itd.",kami:P30114,kama:C10006,kama:P60107
kami:P30155,ima osobu majstora rasvjete,kami:C10003,"Povezuje izraz s osobom koja oblikuje elemente rasvjete za potrebe snimanja filma ili televizijskog programa, dramske ili glazbeno-scenske izvedbe itd.",kami:P30154,kamo:C10007,kamo:P70116
kami:P30156,ima kolektivnog agenta majstora rasvjete,kami:C10003,"Povezuje izraz s kolektivnim agentom koji oblikuje elemente rasvjete za potrebe snimanja filma ili televizijskog programa, dramske ili glazbeno-scenske izvedbe itd.",kami:P30154,kamka:C10008,kamka:P80109
kami:P30157,ima korporativno tijelo majstora rasvjete,kami:C10003,"Povezuje izraz s korporativnim tijelom koje oblikuje elemente rasvjete za potrebe snimanja filma ili televizijskog programa, dramske ili glazbeno-scenske izvedbe itd.",kami:P30156,kamkt:C10009,kamkt:P90108
kami:P30158,ima obitelj majstora rasvjete,kami:C10003,"Povezuje izraz s obitelji koja oblikuje elemente rasvjete za potrebe snimanja filma ili televizijskog programa, dramske ili glazbeno-scenske izvedbe itd.",kami:P30156,kamob:C10010,kamob:P10107
kami:P30159,ima agenta majstora specijalnih efekata,kami:C10003,Povezuje izraz s agentom koji oblikuje specijalne slikovne i zvučne efekte tijekom snimanja ili u post-produkciji filma i drugih oblika u audiovizualnom mediju.,kami:P30114,kama:C10006,kama:P60108
kami:P30160,ima osobu majstora specijalnih efekata,kami:C10003,Povezuje izraz s osobom koja oblikuje specijalne slikovne i zvučne efekte tijekom snimanja ili u post-produkciji filma i drugih oblika u audiovizualnom mediju.,kami:P30159,kamo:C10007,kamo:P70117
kami:P30161,ima kolektivnog agenta majstora specijalnih efekata,kami:C10003,Povezuje izraz s kolektivnim agentom koji oblikuje specijalne slikovne i zvučne efekte tijekom snimanja ili u post-produkciji filma i drugih oblika u audiovizualnom mediju.,kami:P30159,kamka:C10008,kamka:P80110
kami:P30162,ima korporativno tijelo majstora specijalnih efekata,kami:C10003,Povezuje izraz s korporativnim tijelom koje oblikuje specijalne slikovne i zvučne efekte tijekom snimanja ili u post-produkciji filma i drugih oblika u audiovizualnom mediju.,kami:P30161,kamkt:C10009,kamkt:P90109
kami:P30163,ima obitelj majstora specijalnih efekata,kami:C10003,Povezuje izraz s obitelji koja oblikuje specijalne slikovne i zvučne efekte tijekom snimanja ili u post-produkciji filma i drugih oblika u audiovizualnom mediju.,kami:P30161,kamob:C10010,kamob:P10108
kami:P30164,ima agenta maskera,kami:C10003,"Povezuje izraz s agentom odgovornim za dizajn i izradu maski i drugih prostetičkih pomagala za film, televizijski program, kazališnu predstavu ili drugi oblik izvedbene umjetnosti.",kami:P30114,kama:C10006,kama:P60109
kami:P30165,ima osobu maskera,kami:C10003,"Povezuje izraz s osobom odgovornom za dizajn i izradu maski i drugih prostetičkih pomagala za film, televizijski program, kazališnu predstavu ili drugi oblik izvedbene umjetnosti.",kami:P30164,kamo:C10007,kamo:P70118
kami:P30166,ima kolektivnog agenta maskera,kami:C10003,"Povezuje izraz s kolektivnim agentom odgovornim za dizajn i izradu maski i drugih prostetičkih pomagala za film, televizijski program, kazališnu predstavu ili drugi oblik izvedbene umjetnosti.",kami:P30164,kamka:C10008,kamka:P80111
kami:P30167,ima korporativno tijelo maskera,kami:C10003,"Povezuje izraz s korporativnim tijelom odgovornim za dizajn i izradu maski i drugih prostetičkih pomagala za film, televizijski program, kazališnu predstavu ili drugi oblik izvedbene umjetnosti.",kami:P30166,kamkt:C10009,kamkt:P90110
kami:P30168,ima obitelj maskera,kami:C10003,"Povezuje izraz s obitelji odgovornom za dizajn i izradu maski i drugih prostetičkih pomagala za film, televizijski program, kazališnu predstavu ili drugi oblik izvedbene umjetnosti.",kami:P30166,kamob:C10010,kamob:P10109
kami:P30169,ima agenta montažera,kami:C10003,"Povezuje izraz s agentom koji odabire i uređuje snimljeni slikovni ili zvučni materijal i povezuje ga u cjelinu, uključujući sinkronizaciju slike i zvuka, montažu zvuka, posebne efekte itd.",kami:P30114,kama:C10006,kama:P60110
kami:P30170,ima osobu montažera,kami:C10003,"Povezuje izraz s osobom koja odabire i uređuje snimljeni slikovni ili zvučni materijal i povezuje ga u cjelinu, uključujući sinkronizaciju slike i zvuka, montažu zvuka, posebne efekte itd.",kami:P30169,kamo:C10007,kamo:P70119
kami:P30171,ima kolektivnog agenta montažera,kami:C10003,"Povezuje izraz s kolektivnim agentom koji odabire i uređuje snimljeni slikovni ili zvučni materijal i povezuje ga u cjelinu, uključujući sinkronizaciju slike i zvuka, montažu zvuka, posebne efekte itd.",kami:P30169,kamka:C10008,kamka:P80112
kami:P30172,ima korporativno tijelo montažera,kami:C10003,"Povezuje izraz s korporativnim tijelom koje odabire i uređuje snimljeni slikovni ili zvučni materijal i povezuje ga u cjelinu, uključujući sinkronizaciju slike i zvuka, montažu zvuka, posebne efekte itd.",kami:P30171,kamkt:C10009,kamkt:P90111
kami:P30173,ima obitelj montažera,kami:C10003,"Povezuje izraz s obitelji koja odabire i uređuje snimljeni slikovni ili zvučni materijal i povezuje ga u cjelinu, uključujući sinkronizaciju slike i zvuka, montažu zvuka, posebne efekte itd.",kami:P30171,kamob:C10010,kamob:P10110
kami:P30174,ima agenta pisca dijaloga,kami:C10003,"Povezuje izraz s agentom koji piše dijaloge likova u skladu sa sinopsisom ili scenarijem radijskog ili televizijskog programa, stripa, video igre ili drugog narativnog djela iskazanog u slikovnom obliku.",kami:P30114,kama:C10006,kama:P60111
kami:P30175,ima osobu pisca dijaloga,kami:C10003,"Povezuje izraz s osobom koja piše dijaloge likova u skladu sa sinopsisom ili scenarijem radijskog ili televizijskog programa, stripa, video igre ili drugog narativnog djela iskazanog u slikovnom obliku.",kami:P30174,kamo:C10007,kamo:P70120
kami:P30176,ima kolektivnog agenta pisca dijaloga,kami:C10003,"Povezuje izraz s kolektivnim agentom koji piše dijaloge likova u skladu sa sinopsisom ili scenarijem radijskog ili televizijskog programa, stripa, video igre ili drugog narativnog djela iskazanog u slikovnom obliku.",kami:P30174,kamka:C10008,kamka:P80113
kami:P30177,ima korporativno tijelo pisca dijaloga,kami:C10003,"Povezuje izraz s korporativnim tijelom koje piše dijaloge likova u skladu sa sinopsisom ili scenarijem radijskog ili televizijskog programa, stripa, video igre ili drugog narativnog djela iskazanog u slikovnom obliku.",kami:P30176,kamkt:C10009,kamkt:P90112
kami:P30178,ima obitelj pisca dijaloga,kami:C10003,"Povezuje izraz s obitelji koja piše dijaloge likova u skladu sa sinopsisom ili scenarijem radijskog ili televizijskog programa, stripa, video igre ili drugog narativnog djela iskazanog u slikovnom obliku.",kami:P30176,kamob:C10010,kamob:P10111
kami:P30179,ima agenta programera-suradnika,kami:C10003,"Povezuje izraz s agentom koji programira kôd za neki interaktivni multimedijski sadržaj (video igru, elektroničku knjigu itd.).",kami:P30114,kama:C10006,kama:P60112
kami:P30180,ima osobu programera-suradnika,kami:C10003,"Povezuje izraz s osobom koja programira kôd za neki interaktivni multimedijski sadržaj (video igru, elektroničku knjigu itd.).",kami:P30179,kamo:C10007,kamo:P70121
kami:P30181,ima kolektivnog agenta programera-suradnika,kami:C10003,"Povezuje izraz s kolektivnim agentom koji programira kôd za neki interaktivni multimedijski sadržaj (video igru, elektroničku knjigu itd.).",kami:P30179,kamka:C10008,kamka:P80114
kami:P30182,ima korporativno tijelo programera-suradnika,kami:C10003,"Povezuje izraz s korporativnim tijelom koje programira kôd za neki interaktivni multimedijski sadržaj (video igru, elektroničku knjigu itd.).",kami:P30181,kamkt:C10009,kamkt:P90113
kami:P30183,ima obitelj programera-suradnika,kami:C10003,"Povezuje izraz s obitelji koja programira kôd za neki interaktivni multimedijski sadržaj (video igru, elektroničku knjigu itd.).",kami:P30181,kamob:C10010,kamob:P10112
kami:P30184,ima agenta redatelja sinkronizacije,kami:C10003,"Povezuje izraz s agentom koji programira kôd za neki interaktivni multimedijski sadržaj (videoigru, elektroničku knjigu itd.).",kami:P30114,kama:C10006,kama:P60113
kami:P30185,ima osobu redatelja sinkronizacije,kami:C10003,"Povezuje izraz s osobom koja programira kôd za neki interaktivni multimedijski sadržaj (videoigru, elektroničku knjigu itd.).",kami:P30184,kamo:C10007,kamo:P70122
kami:P30186,ima kolektivnog agenta redatelja sinkronizacije,kami:C10003,"Povezuje izraz s kolektivnim agentom koji programira kôd za neki interaktivni multimedijski sadržaj (videoigru, elektroničku knjigu itd.).",kami:P30184,kamka:C10008,kamka:P80115
kami:P30187,ima korporativno tijelo redatelja sinkronizacije,kami:C10003,"Povezuje izraz s korporativnim tijelom koje programira kôd za neki interaktivni multimedijski sadržaj (videoigru, elektroničku knjigu itd.).",kami:P30186,kamkt:C10009,kamkt:P90114
kami:P30188,ima obitelj redatelja sinkronizacije,kami:C10003,"Povezuje izraz s obitelji koja programira kôd za neki interaktivni multimedijski sadržaj (videoigru, elektroničku knjigu itd.).",kami:P30186,kamob:C10010,kamob:P10113
kami:P30189,ima agenta scenarista filma,kami:C10003,"Povezuje izraz s agentom odgovornim za originalni ili adaptirani filmski scenarij, uključujući specifikaciju tijeka radnje, ambijenata, likova, njihovih postupaka i dijaloga.",kami:P30114,kama:C10006,kama:P60114
kami:P30190,ima osobu scenarista filma,kami:C10003,"Povezuje izraz s osobom odgovornom za originalni ili adaptirani filmski scenarij, uključujući specifikaciju tijeka radnje, ambijenata, likova, njihovih postupaka i dijaloga.",kami:P30189,kamo:C10007,kamo:P70123
kami:P30191,ima kolektivnog agenta scenarista filma,kami:C10003,"Povezuje izraz s kolektivnim agentom odgovornim za originalni ili adaptirani filmski scenarij, uključujući specifikaciju tijeka radnje, ambijenata, likova, njihovih postupaka i dijaloga.",kami:P30189,kamka:C10008,kamka:P80116
kami:P30192,ima korporativno tijelo scenarista filma,kami:C10003,"Povezuje izraz s korporativnim tijelom odgovornim za originalni ili adaptirani filmski scenarij, uključujući specifikaciju tijeka radnje, ambijenata, likova, njihovih postupaka i dijaloga.",kami:P30191,kamkt:C10009,kamkt:P90115
kami:P30193,ima obitelj scenarista filma,kami:C10003,"Povezuje izraz s obitelji odgovornom za originalni ili adaptirani filmski scenarij, uključujući specifikaciju tijeka radnje, ambijenata, likova, njihovih postupaka i dijaloga.",kami:P30191,kamob:C10010,kamob:P10114
kami:P30194,ima agenta scenografa,kami:C10003,"Povezuje izraz s agentom odgovornim za dizajn i izradu elemenata ambijenta u filmu, televizijskom programu, kazališnoj predstavi ili drugom obliku izvedbene umjetnosti.",kami:P30114,kama:C10006,kama:P60115
kami:P30195,ima osobu scenografa,kami:C10003,"Povezuje izraz s osobom odgovornom za dizajn i izradu elemenata ambijenta u filmu, televizijskom programu, kazališnoj predstavi ili drugom obliku izvedbene umjetnosti.",kami:P30194,kamo:C10007,kamo:P70124
kami:P30196,ima kolektivnog agenta scenografa,kami:C10003,"Povezuje izraz s kolektivnim agentom odgovornim za dizajn i izradu elemenata ambijenta u filmu, televizijskom programu, kazališnoj predstavi ili drugom obliku izvedbene umjetnosti.",kami:P30194,kamka:C10008,kamka:P80117
kami:P30197,ima korporativno tijelo scenografa,kami:C10003,"Povezuje izraz s korporativnim tijelom odgovornim za dizajn i izradu elemenata ambijenta u filmu, televizijskom programu, kazališnoj predstavi ili drugom obliku izvedbene umjetnosti.",kami:P30196,kamkt:C10009,kamkt:P90116
kami:P30198,ima obitelj scenografa,kami:C10003,"Povezuje izraz s obitelji odgovornom za dizajn i izradu elemenata ambijenta u filmu, televizijskom programu, kazališnoj predstavi ili drugom obliku izvedbene umjetnosti.",kami:P30196,kamob:C10010,kamob:P10115
kami:P30199,ima agenta skladatelja glazbe,kami:C10003,"Povezuje izraz s agentom koji je skladao popratnu glazbu za film, televizijski program, kazališnu predstavu, video igru itd.",kami:P30114,kama:C10006,kama:P60116
kami:P30200,ima osobu skladatelja glazbe,kami:C10003,"Povezuje izraz s osobom koja je skladal popratnu glazbu za film, televizijski program, kazališnu predstavu, video igru itd.",kami:P30199,kamo:C10007,kamo:P70125
kami:P30201,ima kolektivnog agenta skladatelja glazbe,kami:C10003,"Povezuje izraz s kolektivnim agentom koji je skladao popratnu glazbu za film, televizijski program, kazališnu predstavu, video igru itd.",kami:P30199,kamka:C10008,kamka:P80118
kami:P30202,ima korporativno tijelo skladatelja glazbe,kami:C10003,"Povezuje izraz s korporativnim tijelom koje je skladalo popratnu glazbu za film, televizijski program, kazališnu predstavu, video igru itd.",kami:P30201,kamkt:C10009,kamkt:P90117
kami:P30203,ima obitelj skladatelja glazbe,kami:C10003,"Povezuje izraz s obitelji koja je skladala popratnu glazbu za film, televizijski program, kazališnu predstavu, video igru itd.",kami:P30201,kamob:C10010,kamob:P10116
kami:P30204,ima agenta snimatelja,kami:C10003,"Povezuje izraz s agentom koji kamerom snima film, video ili drugu vrstu pokretnih slika.",kami:P30114,kama:C10006,kama:P60117
kami:P30205,ima osobu snimatelja,kami:C10003,"Povezuje izraz s osobom koja kamerom snima film, video ili drugu vrstu pokretnih slika.",kami:P30204,kamo:C10007,kamo:P70126
kami:P30206,ima kolektivnog agenta snimatelja,kami:C10003,"Povezuje izraz s kolektivnim agentom koji kamerom snima film, video ili drugu vrstu pokretnih slika.",kami:P30204,kamka:C10008,kamka:P80119
kami:P30207,ima korporativno tijelo snimatelja,kami:C10003,"Povezuje izraz s korporativnim tijelom koje kamerom snima film, video ili drugu vrstu pokretnih slika.",kami:P30206,kamkt:C10009,kamkt:P90118
kami:P30208,ima obitelj snimatelja,kami:C10003,"Povezuje izraz s obitelji koja kamerom snima film, video ili drugu vrstu pokretnih slika.",kami:P30206,kamob:C10010,kamob:P10117
kami:P30209,ima agenta statičara,kami:C10003,Povezuje izraz s agentom odgovornim za izračun nosivosti građevne konstrukcije.,kami:P30114,kama:C10006,kama:P60118
kami:P30210,ima osobu statičara,kami:C10003,Povezuje izraz s osobom odgovornom za izračun nosivosti građevne konstrukcije.,kami:P30209,kamo:C10007,kamo:P70127
kami:P30211,ima kolektivnog agenta statičara,kami:C10003,Povezuje izraz s kolektivnim agentom odgovornim za izračun nosivosti građevne konstrukcije.,kami:P30209,kamka:C10008,kamka:P80120
kami:P30212,ima korporativno tijelo statičara,kami:C10003,Povezuje izraz s korporativnim tijelom odgovornim za izračun nosivosti građevne konstrukcije.,kami:P30211,kamkt:C10009,kamkt:P90119
kami:P30213,ima obitelj statičara,kami:C10003,Povezuje izraz s obitelji odgovornom za izračun nosivosti građevne konstrukcije.,kami:P30211,kamob:C10010,kamob:P10118
kami:P30214,ima agenta šminkera,kami:C10003,"Povezuje izraz s agenta koji šminka izvođače za potrebe snimanja filma, televizijskog programa, kazališne predstave ili drugog oblika izvedbene umjetnosti.",kami:P30114,kama:C10006,kama:P60119
kami:P30215,ima osobu šminkera,kami:C10003,"Povezuje izraz s osobom koja šminka izvođače za potrebe snimanja filma, televizijskog programa, kazališne predstave ili drugog oblika izvedbene umjetnosti.",kami:P30214,kamo:C10007,kamo:P70128
kami:P30216,ima kolektivnog agenta šminkera,kami:C10003,"Povezuje izraz s kolektivnim agentom koji šminka izvođače za potrebe snimanja filma, televizijskog programa, kazališne predstave ili drugog oblika izvedbene umjetnosti.",kami:P30214,kamka:C10008,kamka:P80121
kami:P30217,ima korporativno tijelo šminkera,kami:C10003,"Povezuje izraz s korporativnim tijelom koje šminka izvođače za potrebe snimanja filma, televizijskog programa, kazališne predstave ili drugog oblika izvedbene umjetnosti.",kami:P30216,kamkt:C10009,kamkt:P90120
kami:P30218,ima obitelj šminkera,kami:C10003,"Povezuje izraz s obitelji koja šminka izvođače za potrebe snimanja filma, televizijskog programa, kazališne predstave ili drugog oblika izvedbene umjetnosti.",kami:P30216,kamob:C10010,kamob:P10119
kami:P30219,ima agenta tehničkog crtača,kami:C10003,"Povezuje izraz s agentom odgovornim za izradu detaljnih tehničkih crteža koji  prikazuju građevinu, tehničku tvorevinu ili drugi objekt u stanju dovršenosti.",kami:P30114,kama:C10006,kama:P60120
kami:P30220,ima osobu tehničkog crtača,kami:C10003,"Povezuje izraz s osobom odgovornom za izradu detaljnih tehničkih crteža koji prikazuju građevinu, tehničku tvorevinu ili drugi objekt u stanju dovršenosti.",kami:P30219,kamo:C10007,kamo:P70129
kami:P30221,ima kolektivnog agenta tehničkog crtača,kami:C10003,"Povezuje izraz s kolektivnim agentom odgovornim za izradu detaljnih tehničkih crteža koji prikazuju građevinu, tehničku tvorevinu ili drugi objekt u stanju dovršenosti.",kami:P30219,kamka:C10008,kamka:P80122
kami:P30222,ima korporativno tijelo tehničkog crtača,kami:C10003,"Povezuje izraz s korporativnim tijelom odgovornim za izradu detaljnih tehničkih crteža koji prikazuju građevinu, tehničku tvorevinu ili drugi objekt u stanju dovršenosti.",kami:P30221,kamkt:C10009,kamkt:P90121
kami:P30223,ima obitelj tehničkog crtača,kami:C10003,"Povezuje izraz s obitelji odgovornom za izradu detaljnih tehničkih crteža koji prikazuju građevinu, tehničku tvorevinu ili drugi objekt u stanju dovršenosti.",kami:P30221,kamob:C10010,kamob:P10120
kami:P30224,ima agenta tonskog snimatelja,kami:C10003,Povezuje izraz s agentom koji snima zvučne sadržaje u studijskom prostoru ili na terenu ili sudjeluje u tonskoj realizaciji radijskoga ili televizijskog programa.,kami:P30114,kama:C10006,kama:P60121
kami:P30225,ima osobu tonskog snimatelja,kami:C10003,Povezuje izraz s osobom koja snima zvučne sadržaje u studijskom prostoru ili na terenu ili sudjeluje u tonskoj realizaciji radijskoga ili televizijskog programa.,kami:P30224,kamo:C10007,kamo:P70130
kami:P30226,ima kolektivnog agenta tonskog snimatelja,kami:C10003,Povezuje izraz s kolektivnim agentom koji snima zvučne sadržaje u studijskom prostoru ili na terenu ili sudjeluje u tonskoj realizaciji radijskoga ili televizijskog programa.,kami:P30224,kamka:C10008,kamka:P80123
kami:P30227,ima korporativno tijelo tonskog snimatelja,kami:C10003,Povezuje izraz s korporativnim tijelom koje snima zvučne sadržaje u studijskom prostoru ili na terenu ili sudjeluje u tonskoj realizaciji radijskoga ili televizijskog programa.,kami:P30226,kamkt:C10009,kamkt:P90122
kami:P30228,ima obitelj tonskog snimatelja,kami:C10003,Povezuje izraz s obitelji koja snima zvučne sadržaje u studijskom prostoru ili na terenu ili sudjeluje u tonskoj realizaciji radijskoga ili televizijskog programa.,kami:P30226,kamob:C10010,kamob:P10121
kami:P30229,ima agenta urednika,kami:C10003,"Povezuje izraz s agentom koji uređuje i priprema za objavljivanje tekst drugog agenta u skladu s uredničkom politikom nakladnika i/ili standardima određene nakladničke cjeline, časopisa, ciljane publike ili sl. ",kami:P30032,kama:C10006,kama:P60122
kami:P30230,ima osobu  urednika,kami:C10003,"Povezuje izraz s osobom koja uređuje i priprema za objavljivanje tekst drugog agenta u skladu s uredničkom politikom nakladnika i/ili standardima određene nakladničke cjeline, časopisa, ciljane publike ili sl. ",kami:P30229,kamo:C10007,kamo:P70131
kami:P30231,ima agenta zapisničara,kami:C10003,"Povezuje izraz s agentom koji je zabilježio sadržaj sastanka, sjednice, zasjedanja i sl.",kami:P30032,kama:C10006,kama:P60123
kami:P30232,ima osobu zapisničara,kami:C10003,"Povezuje izraz s osobom koja je zabilježila sadržaj sastanka, sjednice, zasjedanja i sl.",kami:P30231,kamo:C10007,kamo:P70132
kami:P30233,je izraz povezan s mjestom,kami:C10003,Povezuje izraz s mjestom.,kami:P30020,kamm:C10011,kamm:P11009
kami:P30234,ima mjesto nastanka izraza,kami:C10003,Povezuje izraz s mjestom koje je povezano s realizacijom djela u određenom izrazu.,kami:P30233,kamm:C10011,kamm:P11010
kami:P30235,je izraz povezan s vremenskim rasponom,kami:C10003,Povezuje izraz s vremenskim rasponom.,kami:P30020,kamvr:C10012,kamvr:P12007
kami:P30236,ima vrijeme nastanka izraza,kami:C10003,Povezuje izraz s vremenskim rasponom koji je povezan s realizacijom djela u određenom izrazu.,kami:P30235,kamvr:C10012,kamvr:P12008
kami:P30237,je izraz povezan s nomenom za izraz,kami:C10003,Povezuje izraz s nomenom za izraz.,kami:P30020,kamn:C10013,kamn:P13036
kami:P30238,ima oznaku za izraz,kami:C10003,Povezuje izraz s oznakom za izraz.,kami:P30237,kamn:C10013,kamn:P13037
kami:P30239,ima nadziranu pristupnicu za izraz,kami:C10003,Povezuje izraz s nadziranom pristupnicom za izraz.,kami:P30238,kamn:C10013,kamn:P13038
kami:P30240,ima usvojenu pristupnicu za izraz,kami:C10003,"Povezuje izraz s nadziranom riječi ili nizom riječi i/ili drugih oznaka, koja unutar nekog sustava jednoznačno identificira izraz i okuplja podatke o izrazu. ",kami:P30239,kamn:C10013,kamn:P13039
kami:P30241,ima varijantnu pristupnicu za izraz,kami:C10003,"Povezuje izraz s riječi ili nizom riječi ili znakova koji identificiraju izraz unutar određenog sustava, a nisu odabrani za usvojenu pristupnicu.",kami:P30239,kamn:C10013,kamn:P13040
kami:P30242,ima dodatno obilježje izraza,kami:C10003,"Povezuje izraz s riječi, brojkom ili nizom riječi, brojki ili drugih znakova koji služi razlikovanju izrazâ istoga djela.",,,
kami:P30243,ima identifikator izraza,kami:C10003,Povezuje izraz s brojčanom ili slovno-brojčanom oznakom koja unutar određenog sustava jednoznačno identificira izraz djela sadržanog u jedinici građe.,kami:P30238,kamn:C10013,kamn:P13042
kami:P30244,ima napomenu o identifikaciji izraza,kami:C10003,"Povezuje izraz s kratkim tekstom u kojemu se navode objašnjenja i druge pojedinosti o identifikacijskim podacima o izrazu (identifikator izraza, usvojeni naslov izraza, varijantni naslov izraza) i/ili izvorima iz kojih su identifikacijski podaci preuzeti.",kami:P30245,,
kami:P30245,ima napomenu o izrazu,kami:C10003,Povezuje izraz s tekstom koji sadržava pojedinosti o izrazu.,kamjo:P10022,,
kami:P30246,ima napomenu o odnosu izraza i drugih jedinica opisa,kami:C10003,"Povezuje izraz s tekstom koji sadržava pojedinosti o odnosu između izraza i drugog izraza ili više drugih izraza, odnosno izraza i druge ili više drugih jedinica opisa.",kami:P30245,,
kami:P30247,ima oblik sadržaja izraza,kami:C10003,"Povezuje izraz s nadziranim nazivom, identifikatorom ili drugom nadziranom oznakom koja označava vrstu građe s obzirom na znakovni sustav kojim je izražen njezin sadržaj.",,,
kami:P30248,ima ključne riječi,kami:C10003,Povezuje izraz s riječima ili izrazima koji označavaju najvažnije pojmove iz sadržaja teksta ili govora.,,,
kami:P30249,"ima stil, pravac ili razdoblje",kami:C10003,"Povezuje izraz s izrazom, nadziranim nazivom, identifikatorom ili drugom oznakom koja označava stilski pravac, kulturu, umjetnički pokret ili školu kojoj pripada sadržaj jedinice građe.",,,
kami:P30250,"ima napomenu o stilu, pravcu ili razdoblju",kami:C10003,Povezuje izraz s kratkim nestrukturiranim tekstom u kojemu se navode objašnjenja i druge pojedinosti o stilskim obilježjima jedinice građe.,kami:P30245,,
kami:P30251,je izraz predmet djela,kami:C10003,"Povezuje izraz s izrazom, nadziranim nazivom, imenom, naslovom, identifikatorom ili drugom nadziranom oznakom koja označava temu kojom se bavi ili koju prikazuje djelo.
",kami:P30021,kamd:C10002,kamd:P20318
kami:P30252,je kategorija izraza,kami:C10003,Povezuje izraz s vrstom kojoj izraz pripada.,kamjo:P10001,,
